journal,year,volume,number,title,authors,strategy,instruments,first_stage_rep,first_stage_f_rep,first_stage_f,iv_beta,iv_sd,n_authors,n_female,top_uni,topic
AEJ: Applied,2018,10,1,For Better or for Worse?: Education and the Prevalence of Domestic Violence in Turkey.,Erten et al.,RDD,1,No,No,,,,2,2,0,Education
AEJ: Applied,2018,10,1,Demand for Alcohol Consumption in Russia and Its Implication for Mortality,Yakovlev,IV,1,No,Yes,39.7800000,-0.8980000,0.2930000,1,0,0,Health
AEJ: Applied,2018,10,1,Demand for Alcohol Consumption in Russia and Its Implication for Mortality,Yakovlev,IV,1,No,Yes,39.8700000,-0.7440000,0.4100000,1,0,0,Health
AEJ: Applied,2018,10,1,Demand for Alcohol Consumption in Russia and Its Implication for Mortality,Yakovlev,IV,1,No,Yes,39.8700000,-1.0210000,0.4900000,1,0,0,Health
AEJ: Applied,2018,10,1,Demand for Alcohol Consumption in Russia and Its Implication for Mortality,Yakovlev,IV,1,No,Yes,39.8700000,-0.8460000,0.3670000,1,0,0,Health
AEJ: Applied,2018,10,1,Demand for Alcohol Consumption in Russia and Its Implication for Mortality,Yakovlev,IV,1,No,Yes,39.8700000,-1.3490000,0.7070000,1,0,0,Health
AEJ: Applied,2018,10,1,Demand for Alcohol Consumption in Russia and Its Implication for Mortality,Yakovlev,IV,1,No,Yes,39.8700000,-1.3080000,0.4700000,1,0,0,Health
AEJ: Applied,2018,10,1,Demand for Alcohol Consumption in Russia and Its Implication for Mortality,Yakovlev,RK,1,Yes,Yes,27.1500000,-0.5000000,0.2240000,1,0,0,Health
AEJ: Applied,2018,10,1,Demand for Alcohol Consumption in Russia and Its Implication for Mortality,Yakovlev,RK,1,Yes,Yes,29.7100000,-0.5950000,0.1990000,1,0,0,Health
AEJ: Applied,2018,10,1,Demand for Alcohol Consumption in Russia and Its Implication for Mortality,Yakovlev,RK,1,Yes,Yes,47.0000000,-0.4030000,0.1690000,1,0,0,Health
AEJ: Applied,2018,10,1,Demand for Alcohol Consumption in Russia and Its Implication for Mortality,Yakovlev,RK,1,Yes,Yes,50.9800000,-0.4510000,0.1570000,1,0,0,Health
AEJ: Applied,2018,10,1,Demand for Alcohol Consumption in Russia and Its Implication for Mortality,Yakovlev,RK,1,Yes,Yes,8.1600000,-0.3060000,0.3790000,1,0,0,Health
AEJ: Applied,2018,10,1,Demand for Alcohol Consumption in Russia and Its Implication for Mortality,Yakovlev,RK,1,Yes,Yes,8.3800000,-0.4650000,0.3700000,1,0,0,Health
AEJ: Applied,2018,10,1,Free to Choose: Can School Choice Reduce Student Achievement?,Abdulkadiroglu et al.,IV,1,Yes,Retrieved from t-ratio,548.2100000,-0.4130000,0.0910000,3,0,1,Education
AEJ: Applied,2018,10,1,Free to Choose: Can School Choice Reduce Student Achievement?,Abdulkadiroglu et al.,IV,1,Yes,Retrieved from t-ratio,548.2100000,-0.0810000,0.0790000,3,0,1,Education
AEJ: Applied,2018,10,1,Free to Choose: Can School Choice Reduce Student Achievement?,Abdulkadiroglu et al.,IV,1,Yes,Retrieved from t-ratio,527.4700000,-0.2630000,0.0950000,3,0,1,Education
AEJ: Applied,2018,10,1,Free to Choose: Can School Choice Reduce Student Achievement?,Abdulkadiroglu et al.,IV,1,Yes,Retrieved from t-ratio,527.4700000,-0.3310000,0.0890000,3,0,1,Education
AEJ: Applied,2018,10,1,Do Low Levels of Blood Lead Reduce Children's Future Test Scores?,Eizer et al.,IV,4,,,,,,4,2,1,Health
AEJ: Applied,2018,10,2,Asymmetric Information and Remittances: Evidence from Matched Administrative Data,Joseph et al.,IV,2,,,,,,3,1,1,Labor
AEJ: Applied,2018,10,2,Neighborhood Sanitation and Infant Mortality,Geruso et al.,IV,1,No,Yes,74.4000000,68.6000000,15.1000000,2,0,0,Health
AEJ: Applied,2018,10,2,Neighborhood Sanitation and Infant Mortality,Geruso et al.,IV,1,No,Yes,74.8000000,52.1000000,17.6000000,2,0,0,Health
AEJ: Applied,2018,10,2,Neighborhood Sanitation and Infant Mortality,Geruso et al.,IV,1,No,Yes,97.0000000,45.8000000,31.6000000,2,0,0,Health
AEJ: Applied,2018,10,2,Neighborhood Sanitation and Infant Mortality,Geruso et al.,IV,1,No,Yes,200.3000000,51.0000000,16.1000000,2,0,0,Health
AEJ: Applied,2018,10,2,Neighborhood Sanitation and Infant Mortality,Geruso et al.,IV,1,No,Yes,230.7000000,61.4000000,21.5000000,2,0,0,Health
AEJ: Applied,2018,10,2,Borrowing Trouble? Human Capital Investment with Opt-In Costs and Implications for the Effectiveness of Grant Aid,Marx et al.,RDD/RK/IV,1,No,No,,,,2,1,0,Education
AEJ: Applied,2018,10,2,Education and Mortality: Evidence from a Social Experiment,Meghir et al.,RDD,1,No,No,,,,3,1,1,Health
AEJ: Applied,2018,10,3,The Impacts of Industrial and Entrepreneurial Work on Income and Health: Experimental Evidence from Ethiopia,Blattman et al.,IV,1,No,No,,0.0780000,0.0740000,2,0,1,Health
AEJ: Applied,2018,10,3,The Impacts of Industrial and Entrepreneurial Work on Income and Health: Experimental Evidence from Ethiopia,Blattman et al.,IV,1,No,No,,0.0400000,0.0760000,2,0,1,Health
AEJ: Applied,2018,10,3,The Impacts of Industrial and Entrepreneurial Work on Income and Health: Experimental Evidence from Ethiopia,Blattman et al.,IV,1,No,No,,0.0380000,0.0790000,2,0,1,Health
AEJ: Applied,2018,10,3,Do Free Trade Agreements Affect Tariffs of Nonmember Countries? A Theoretical and Empirical Investigation,Saggi et al.,IV,8,,,,,,3,0,0,Trade; Macro
AEJ: Applied,2018,10,3,The Family Peer Effect on Mothers' Labor Supply,Nicoletti et al.,IV,1,No,Yes,47.2300000,0.6390000,0.1430000,3,3,0,Labor
AEJ: Applied,2018,10,3,The Family Peer Effect on Mothers' Labor Supply,Nicoletti et al.,IV,1,No,Yes,58.4300000,0.7860000,0.1310000,3,3,0,Labor
AEJ: Applied,2018,10,3,The Family Peer Effect on Mothers' Labor Supply,Nicoletti et al.,IV,1,No,Yes,62.4100000,0.8250000,0.1290000,3,3,0,Labor
AEJ: Applied,2018,10,3,The Family Peer Effect on Mothers' Labor Supply,Nicoletti et al.,IV,1,No,Yes,31.0200000,0.8460000,0.1450000,3,3,0,Labor
AEJ: Applied,2018,10,3,The Family Peer Effect on Mothers' Labor Supply,Nicoletti et al.,IV,1,No,Yes,40.3100000,0.6970000,0.1310000,3,3,0,Labor
AEJ: Applied,2018,10,3,The Family Peer Effect on Mothers' Labor Supply,Nicoletti et al.,IV,1,No,Yes,35.8900000,0.7410000,0.1620000,3,3,0,Labor
AEJ: Applied,2018,10,3,The Family Peer Effect on Mothers' Labor Supply,Nicoletti et al.,IV,1,No,Yes,39.2700000,0.5570000,0.1550000,3,3,0,Labor
AEJ: Applied,2018,10,3,The Family Peer Effect on Mothers' Labor Supply,Nicoletti et al.,IV,1,No,Yes,229.5000000,0.9500000,1.8850000,3,3,0,Labor
AEJ: Applied,2018,10,3,The Family Peer Effect on Mothers' Labor Supply,Nicoletti et al.,IV,1,No,Yes,168.1000000,2.2520000,1.8630000,3,3,0,Labor
AEJ: Applied,2018,10,3,The Family Peer Effect on Mothers' Labor Supply,Nicoletti et al.,IV,1,No,Yes,195.3000000,2.0890000,1.4410000,3,3,0,Labor
AEJ: Applied,2018,10,3,The Family Peer Effect on Mothers' Labor Supply,Nicoletti et al.,IV,1,No,Yes,178.8000000,3.5670000,1.4430000,3,3,0,Labor
AEJ: Applied,2018,10,3,The Family Peer Effect on Mothers' Labor Supply,Nicoletti et al.,IV,1,No,Yes,190.5000000,2.8640000,1.1440000,3,3,0,Labor
AEJ: Applied,2018,10,3,The Family Peer Effect on Mothers' Labor Supply,Nicoletti et al.,IV,1,No,Yes,156.7000000,2.3390000,1.0830000,3,3,0,Labor
AEJ: Applied,2018,10,3,The Family Peer Effect on Mothers' Labor Supply,Nicoletti et al.,IV,1,No,Yes,177.1000000,1.5000000,1.1410000,3,3,0,Labor
AEJ: Applied,2018,10,3,Life after Lead: Effects of Early Interventions for Children Exposed to Lead,Billings et al.,IV,1,No,No,,,,2,2,0,Health
AEJ: Applied,2018,10,4,Why Has Urban Inequality Increased?,Baum-Snow et al.,IV,1,Yes,Yes,20.3000000,0.6300000,0.1900000,3,0,0,Inequality; Labor
AEJ: Applied,2018,10,4,Why Has Urban Inequality Increased?,Baum-Snow et al.,IV,1,Yes,Yes,21.9000000,0.1800000,0.0920000,3,0,0,Inequality; Labor
AEJ: Applied,2018,10,4,Why Has Urban Inequality Increased?,Baum-Snow et al.,IV,1,Yes,Yes,21.9000000,-0.4300000,0.0960000,3,0,0,Inequality; Labor
AEJ: Applied,2018,10,4,Why Has Urban Inequality Increased?,Baum-Snow et al.,IV,1,Yes,Yes,15.2000000,0.7700000,0.2600000,3,0,0,Inequality; Labor
AEJ: Applied,2018,10,4,Why Has Urban Inequality Increased?,Baum-Snow et al.,IV,1,Yes,Yes,15.9000000,0.0470000,0.1070000,3,0,0,Inequality; Labor
AEJ: Applied,2018,10,4,Why Has Urban Inequality Increased?,Baum-Snow et al.,IV,1,Yes,Yes,15.9000000,-0.3000000,0.0890000,3,0,0,Inequality; Labor
AEJ: Applied,2018,10,4,Access to Migration for Rural Households,Kinnan et al.,IV,5,Yes,Yes,,,,3,2,0,Inequality; Labor
AEJ: Applied,2018,10,4,Foreign Rivals Are Coming to Town: Responding to the Threat of Foreign Multinational Entry,Ge Bao et al.,IV,6,Yes ,Yes,,,,2,2,0,Micro; Trade
AEJ: Applied,2018,10,4,Economic Shocks and Crime: Evidence from the Brazilian Trade Liberalization,Dix-Carneiro et al.,IV,5,Yes,Yes,,,,3,0,1,Trade; Macro
AEJ: Applied,2018,10,4,Wealth Shocks and Health Outcomes: Evidence from Stock Market Fluctuations,Schwandt,IV,1,No,No,,,,1,1,0,Health
AEJ: Applied,2018,10,4,Does Electoral Competition Curb Party Favoritism?,Curto-Grau et al.,RDD,1,Yes,No,"1,225.0000000",98.0600000,15.7100000,3,2,0,Politics
AEJ: Applied,2018,10,4,Does Electoral Competition Curb Party Favoritism?,Curto-Grau et al.,RDD,1,Yes,No,1260.25,94.79,13.72,3,2,0,Politics
AEJ: Applied,2018,10,4,Does Electoral Competition Curb Party Favoritism?,Curto-Grau et al.,RDD,1,Yes,No,560.1100000,102.5700000,18.6500000,3,2,0,Politics
AEJ: Applied,2018,10,4,Does Electoral Competition Curb Party Favoritism?,Curto-Grau et al.,RDD,1,Yes,No,333.0600000,86.9900000,23.4000000,3,2,0,Politics
AEJ: Applied,2018,10,4,Does Electoral Competition Curb Party Favoritism?,Curto-Grau et al.,RDD,1,Yes,No,207.3600000,71.7000000,31.4000000,3,2,0,Politics
AEJ: AppliedEcon,2020,12,1,Tipping and the Effects of Segregation,Böhlmark et al.,IV,1,Yes,Yes,295.4500000,-0.1420000,0.0530000,2,0,0,Education; Immigration; Labor
AEJ: AppliedEcon,2020,12,1,Tipping and the Effects of Segregation,Böhlmark et al.,IV,1,Yes,Yes,295.4500000,0.0260000,0.0360000,2,0,0,Education; Immigration; Labor
AEJ: AppliedEcon,2020,12,1,Tipping and the Effects of Segregation,Böhlmark et al.,IV,1,Yes,Yes,295.4500000,-0.1160000,0.0620000,2,0,0,Education; Immigration; Labor
AEJ: AppliedEcon,2020,12,1,Race to the Bottom? Local Tax Break Competition and Business Location,Mast,IV,1,Yes,Yes,93.0000000,0.0730000,0.0420000,1,0,0,Tax; Macro
AEJ: AppliedEcon,2020,12,1,Race to the Bottom? Local Tax Break Competition and Business Location,Mast,IV,1,Yes,Yes,93.0000000,0.0800000,0.0460000,1,0,0,Tax; Macro
AEJ: AppliedEcon,2020,12,1,Race to the Bottom? Local Tax Break Competition and Business Location,Mast,IV,1,Yes,Yes,93.0000000,0.1590000,0.0690000,1,0,0,Tax; Macro
AEJ: AppliedEcon,2020,12,1,Race to the Bottom? Local Tax Break Competition and Business Location,Mast,IV,1,Yes,Yes,93.0000000,0.1730000,0.0720000,1,0,0,Tax; Macro
AEJ: AppliedEcon,2020,12,1,Race to the Bottom? Local Tax Break Competition and Business Location,Mast,IV,1,Yes,Yes,93.0000000,0.3390000,0.1400000,1,0,0,Tax; Macro
AEJ: AppliedEcon,2020,12,1,Race to the Bottom? Local Tax Break Competition and Business Location,Mast,IV,1,Yes,Yes,93.0000000,0.3690000,0.1400000,1,0,0,Tax; Macro
AEJ: AppliedEcon,2020,12,1,Race to the Bottom? Local Tax Break Competition and Business Location,Mast,IV,1,Yes,Yes,93.0000000,0.4830000,0.2040000,1,0,0,Tax; Macro
AEJ: AppliedEcon,2020,12,1,Race to the Bottom? Local Tax Break Competition and Business Location,Mast,IV,1,Yes,Yes,93.0000000,0.5220000,0.2020000,1,0,0,Tax; Macro
AEJ: AppliedEcon,2020,12,2,Women’s Empowerment in Action: Evidence from a Randomized Control Trial in Africa,Bandiera et al.,IV,1,No,No,,,,7,2,0,Labor; Sex; Education
AEJ: AppliedEcon,2020,12,2,Flooded Cities,Kocornik-Mina et al.,IV,1,No,No,,,,4,1,1,Environment; Macro
AEJ: AppliedEcon,2020,12,2,"Charging Ahead: Prepaid Metering, Electricity Use, and Utility Revenue",Jack et al.,IV,1,No,No,,,,2,0,0,Environment; Energy; Micro
AEJ: AppliedEcon,2020,12,2,Energy Cost Pass-Through in US Manufacturing: Estimates and Implications for Carbon Taxes,Ganapati et al.,IV,6,Yes,Yes,,,,3,0,1,Tax; Energy; Micro
AEJ: AppliedEcon,2020,12,3,The Impact of Information Technology on the Diffusion of New Pharmaceuticals,Arrow et al.,IV,4,Yes,Yes,,,,3,0,1,Health
AEJ: Applied,2017,9,1,Ready for Boarding? The Effects of a Boarding School for Disadvantaged Students,"Gurgand, Chaisemartin, Behaghel",IV,1,Yes,No,406.3400000,-0.0850000,0.1370000,3,0,0,Education
AEJ: Applied,2017,9,1,Ready for Boarding? The Effects of a Boarding School for Disadvantaged Students,"Gurgand, Chaisemartin, Behaghel",IV,1,Yes,No,406.3400000,-0.0480000,0.1210000,3,0,0,Education
AEJ: Applied,2017,9,1,Ready for Boarding? The Effects of a Boarding School for Disadvantaged Students,"Gurgand, Chaisemartin, Behaghel",IV,1,Yes,No,238.4500000,-0.0870000,0.0920000,3,0,0,Education
AEJ: Applied,2017,9,1,Ready for Boarding? The Effects of a Boarding School for Disadvantaged Students,"Gurgand, Chaisemartin, Behaghel",IV,1,Yes,No,238.4500000,0.2130000,0.0830000,3,0,0,Education
AEJ: Applied,2017,9,1,Ready for Boarding? The Effects of a Boarding School for Disadvantaged Students,"Gurgand, Chaisemartin, Behaghel",IV,1,Yes,No,123.3400000,-0.0490000,0.2540000,3,0,0,Education
AEJ: Applied,2017,9,1,Ready for Boarding? The Effects of a Boarding School for Disadvantaged Students,"Gurgand, Chaisemartin, Behaghel",IV,1,Yes,No,241.7700000,0.0060000,0.1150000,3,0,0,Education
AEJ: Applied,2017,9,1,Ready for Boarding? The Effects of a Boarding School for Disadvantaged Students,"Gurgand, Chaisemartin, Behaghel",IV,1,Yes,No,77.6600000,0.5680000,0.1560000,3,0,0,Education
AEJ: Applied,2017,9,1,Ready for Boarding? The Effects of a Boarding School for Disadvantaged Students,"Gurgand, Chaisemartin, Behaghel",IV,1,Yes,No,96.6500000,0.0710000,0.0870000,3,0,0,Education
AEJ: Applied,2017,9,1,"Tax Me, But Spend Wisely? Sources of Public Finance and Government Accountability",Gadenne,IV,4,Yes,No,31.7300000,0.3560000,0.1380000,1,1,0,Tax; Macro
AEJ: Applied,2017,9,1,"Tax Me, But Spend Wisely? Sources of Public Finance and Government Accountability",Gadenne,IV,4,Yes,No,20.6700000,0.4700000,0.1810000,1,1,0,Tax; Macro
AEJ: Applied,2017,9,1,"Tax Me, But Spend Wisely? Sources of Public Finance and Government Accountability",Gadenne,IV,4,Yes,No,18.2600000,0.3190000,0.1790000,1,1,0,Tax; Macro
AEJ: Applied,2017,9,1,"Tax Me, But Spend Wisely? Sources of Public Finance and Government Accountability",Gadenne,IV,4,Yes,No,15.8400000,0.4540000,0.1820000,1,1,0,Tax; Macro
AEJ: Applied,2017,9,1,"Tax Me, But Spend Wisely? Sources of Public Finance and Government Accountability",Gadenne,IV,4,Yes,No,0.1270000,-0.0840000,0.0920000,1,1,0,Tax; Macro
AEJ: Applied,2017,9,1,"Tax Me, But Spend Wisely? Sources of Public Finance and Government Accountability",Gadenne,IV,4,Yes,No,0.0370000,-0.2480000,0.1690000,1,1,0,Tax; Macro
AEJ: Applied,2017,9,1,"Tax Me, But Spend Wisely? Sources of Public Finance and Government Accountability",Gadenne,IV,4,Yes,No,0.2980000,-0.1550000,0.1420000,1,1,0,Tax; Macro
AEJ: Applied,2017,9,1,"Tax Me, But Spend Wisely? Sources of Public Finance and Government Accountability",Gadenne,IV,4,Yes,No,0.0629000,-0.1420000,0.1410000,1,1,0,Tax; Macro
AEJ: Applied,2017,9,1,"Tax Me, But Spend Wisely? Sources of Public Finance and Government Accountability",Gadenne,IV,4,Yes,No,6.0350000,0.0670000,0.0790000,1,1,0,Tax; Macro
AEJ: Applied,2017,9,1,"Tax Me, But Spend Wisely? Sources of Public Finance and Government Accountability",Gadenne,IV,4,Yes,No,0.0544000,0.4030000,0.1740000,1,1,0,Tax; Macro
AEJ: Applied,2017,9,1,"Tax Me, But Spend Wisely? Sources of Public Finance and Government Accountability",Gadenne,IV,4,Yes,No,31.7300000,0.1140000,0.0400000,1,1,0,Tax; Macro
AEJ: Applied,2017,9,1,"Tax Me, But Spend Wisely? Sources of Public Finance and Government Accountability",Gadenne,IV,4,Yes,No,20.6700000,0.1170000,0.0480000,1,1,0,Tax; Macro
AEJ: Applied,2017,9,1,"Tax Me, But Spend Wisely? Sources of Public Finance and Government Accountability",Gadenne,IV,4,Yes,No,18.2600000,0.1360000,0.0550000,1,1,0,Tax; Macro
AEJ: Applied,2017,9,1,"Tax Me, But Spend Wisely? Sources of Public Finance and Government Accountability",Gadenne,IV,4,Yes,No,15.8400000,0.1300000,0.0580000,1,1,0,Tax; Macro
AEJ: Applied,2017,9,1,"Tax Me, But Spend Wisely? Sources of Public Finance and Government Accountability",Gadenne,IV,4,Yes,No,0.1270000,-0.0400000,0.0530000,1,1,0,Tax; Macro
AEJ: Applied,2017,9,1,"Tax Me, But Spend Wisely? Sources of Public Finance and Government Accountability",Gadenne,IV,4,Yes,No,0.0370000,-0.0420000,0.0510000,1,1,0,Tax; Macro
AEJ: Applied,2017,9,1,"Tax Me, But Spend Wisely? Sources of Public Finance and Government Accountability",Gadenne,IV,4,Yes,No,0.2980000,0.0410000,0.0500000,1,1,0,Tax; Macro
AEJ: Applied,2017,9,1,"Tax Me, But Spend Wisely? Sources of Public Finance and Government Accountability",Gadenne,IV,4,Yes,No,0.0629000,0.0120000,0.0440000,1,1,0,Tax; Macro
AEJ: Applied,2017,9,1,"Tax Me, But Spend Wisely? Sources of Public Finance and Government Accountability",Gadenne,IV,4,Yes,No,6.0350000,-0.0060000,0.0510000,1,1,0,Tax; Macro
AEJ: Applied,2017,9,1,"Tax Me, But Spend Wisely? Sources of Public Finance and Government Accountability",Gadenne,IV,4,Yes,No,0.0544000,0.1410000,0.0400000,1,1,0,Tax; Macro
AEJ: Applied,2017,9,1,"Tax Me, But Spend Wisely? Sources of Public Finance and Government Accountability",Gadenne,IV,4,Yes,No,159.1300000,0.1950000,0.1910000,1,1,0,Tax; Macro
AEJ: Applied,2017,9,1,"Tax Me, But Spend Wisely? Sources of Public Finance and Government Accountability",Gadenne,IV,4,Yes,No,245.6800000,-0.0840000,0.0850000,1,1,0,Tax; Macro
AEJ: Applied,2017,9,1,"Tax Me, But Spend Wisely? Sources of Public Finance and Government Accountability",Gadenne,IV,4,Yes,No,25.4300000,0.0220000,0.1270000,1,1,0,Tax; Macro
AEJ: Applied,2017,9,1,"Tax Me, But Spend Wisely? Sources of Public Finance and Government Accountability",Gadenne,IV,4,Yes,No,646.7100000,-0.0450000,0.0560000,1,1,0,Tax; Macro
AEJ: Applied,2017,9,1,"Tax Me, But Spend Wisely? Sources of Public Finance and Government Accountability",Gadenne,IV,4,Yes,No,410.3200000,-0.6800000,0.0710000,1,1,0,Tax; Macro
AEJ: Applied,2017,9,1,"Tax Me, But Spend Wisely? Sources of Public Finance and Government Accountability",Gadenne,IV,4,Yes,No,159.1300000,0.0500000,0.0610000,1,1,0,Tax; Macro
AEJ: Applied,2017,9,1,"Tax Me, But Spend Wisely? Sources of Public Finance and Government Accountability",Gadenne,IV,4,Yes,No,245.6800000,0.0360000,0.0260000,1,1,0,Tax; Macro
AEJ: Applied,2017,9,1,"Tax Me, But Spend Wisely? Sources of Public Finance and Government Accountability",Gadenne,IV,4,Yes,No,25.4300000,-0.3036000,0.0380000,1,1,0,Tax; Macro
AEJ: Applied,2017,9,1,"Tax Me, But Spend Wisely? Sources of Public Finance and Government Accountability",Gadenne,IV,4,Yes,No,646.7100000,-0.0110000,0.0160000,1,1,0,Tax; Macro
AEJ: Applied,2017,9,1,"Tax Me, But Spend Wisely? Sources of Public Finance and Government Accountability",Gadenne,IV,4,Yes,No,410.3200000,-0.0050000,0.0190000,1,1,0,Tax; Macro
AEJ: Applied,2017,9,3,Why Do College-Going Interventions Work?,Sacerdote & Carrell,IV,1,Yes,No,140.9400000,0.1330000,0.0410000,2,0,0,Education
AEJ: Applied,2017,9,3,Why Do College-Going Interventions Work?,Sacerdote & Carrell,IV,1,Yes,No,129.1300000,0.2990000,0.0870000,2,0,0,Education
AEJ: Applied,2017,9,3,Why Do College-Going Interventions Work?,Sacerdote & Carrell,IV,1,Yes,No,104.3300000,0.0170000,0.0610000,2,0,0,Education
AEJ: Applied,2017,9,3,Why Do College-Going Interventions Work?,Sacerdote & Carrell,IV,1,Yes,No,239.7800000,0.1600000,0.0470000,2,0,0,Education
AEJ: Applied,2017,9,3,Why Do College-Going Interventions Work?,Sacerdote & Carrell,IV,1,Yes,No,40.2300000,0.0860000,0.0850000,2,0,0,Education
AEJ: Applied,2017,9,3,Why Do College-Going Interventions Work?,Sacerdote & Carrell,IV,1,Yes,No,140.9400000,0.1250000,0.0370000,2,0,0,Education
AEJ: Applied,2017,9,3,Why Do College-Going Interventions Work?,Sacerdote & Carrell,IV,1,Yes,No,129.1300000,0.2220000,0.0620000,2,0,0,Education
AEJ: Applied,2017,9,3,Why Do College-Going Interventions Work?,Sacerdote & Carrell,IV,1,Yes,No,104.3300000,0.0470000,0.0680000,2,0,0,Education
AEJ: Applied,2017,9,3,Why Do College-Going Interventions Work?,Sacerdote & Carrell,IV,1,Yes,No,239.7800000,0.2020000,0.0480000,2,0,0,Education
AEJ: Applied,2017,9,3,Why Do College-Going Interventions Work?,Sacerdote & Carrell,IV,1,Yes,No,40.2300000,-0.0180000,0.0830000,2,0,0,Education
AEJ: Applied,2017,9,2,Saving Soviet Science: The Impact of Grants When Government R&D Funding Disappears,Ganguli,RDD,1,Yes,Yes,14.8770000,2.0240000,0.3130000,1,1,0,Public Investment; Labor
AEJ: Applied,2017,9,2,Saving Soviet Science: The Impact of Grants When Government R&D Funding Disappears,Ganguli,RDD,1,Yes,Yes,14.8770000,40.2970000,8.6330000,1,1,0,Public Investment; Labor
AEJ: Applied,2017,9,2,Saving Soviet Science: The Impact of Grants When Government R&D Funding Disappears,Ganguli,RDD,1,Yes,Yes,14.8770000,0.1080000,0.0940000,1,1,0,Public Investment; Labor
AEJ: Applied,2017,9,2,Saving Soviet Science: The Impact of Grants When Government R&D Funding Disappears,Ganguli,RDD,1,Yes,Yes,14.8770000,2.0010000,0.4170000,1,1,0,Public Investment; Labor
AEJ: Applied,2017,9,2,Saving Soviet Science: The Impact of Grants When Government R&D Funding Disappears,Ganguli,RDD,1,Yes,Yes,14.8770000,3.0720000,1.2960000,1,1,0,Public Investment; Labor
AEJ: Applied,2017,9,2,Saving Soviet Science: The Impact of Grants When Government R&D Funding Disappears,Ganguli,RDD,1,Yes,Yes,14.8770000,28.7690000,19.7320000,1,1,0,Public Investment; Labor
AEJ: Applied,2017,9,2,Saving Soviet Science: The Impact of Grants When Government R&D Funding Disappears,Ganguli,RDD,1,Yes,Yes,14.8770000,0.4340000,0.1620000,1,1,0,Public Investment; Labor
AEJ: Applied,2017,9,2,Saving Soviet Science: The Impact of Grants When Government R&D Funding Disappears,Ganguli,RDD,1,Yes,Yes,14.8770000,1.9030000,1.2690000,1,1,0,Public Investment; Labor
AEJ: Applied,2017,9,2,Saving Soviet Science: The Impact of Grants When Government R&D Funding Disappears,Ganguli,RDD,1,Yes,Yes,14.8770000,3.524,1.086,1,1,0,Public Investment; Labor
AEJ: Applied,2017,9,2,Saving Soviet Science: The Impact of Grants When Government R&D Funding Disappears,Ganguli,RDD,1,Yes,Yes,14.8770000,76.201,15.341,1,1,0,Public Investment; Labor
AEJ: Applied,2017,9,2,Saving Soviet Science: The Impact of Grants When Government R&D Funding Disappears,Ganguli,RDD,1,Yes,Yes,14.8770000,-0.696,0.28,1,1,0,Public Investment; Labor
AEJ: Applied,2017,9,2,Saving Soviet Science: The Impact of Grants When Government R&D Funding Disappears,Ganguli,RDD,1,Yes,Yes,14.8770000,8.582,1.074,1,1,0,Public Investment; Labor
AEJ: Applied,2017,9,2,Saving Soviet Science: The Impact of Grants When Government R&D Funding Disappears,Ganguli,RDD,1,Yes,Yes,14.8770000,3.105,2.249,1,1,0,Public Investment; Labor
AEJ: Applied,2017,9,2,Saving Soviet Science: The Impact of Grants When Government R&D Funding Disappears,Ganguli,RDD,1,Yes,Yes,14.8770000,14.972,42.817,1,1,0,Public Investment; Labor
AEJ: Applied,2017,9,2,Saving Soviet Science: The Impact of Grants When Government R&D Funding Disappears,Ganguli,RDD,1,Yes,Yes,14.8770000,-0.062,0.426,1,1,0,Public Investment; Labor
AEJ: Applied,2017,9,2,Saving Soviet Science: The Impact of Grants When Government R&D Funding Disappears,Ganguli,RDD,1,Yes,Yes,14.8770000,5.481,3.316,1,1,0,Public Investment; Labor
AEJ: Applied,2017,9,2,Saving Soviet Science: The Impact of Grants When Government R&D Funding Disappears,Ganguli,RDD,1,Yes,Yes,14.8770000,1.664,0.433,1,1,0,Public Investment; Labor
AEJ: Applied,2017,9,2,Saving Soviet Science: The Impact of Grants When Government R&D Funding Disappears,Ganguli,RDD,1,Yes,Yes,14.8770000,30.728,9.478,1,1,0,Public Investment; Labor
AEJ: Applied,2017,9,2,Saving Soviet Science: The Impact of Grants When Government R&D Funding Disappears,Ganguli,RDD,1,Yes,Yes,14.8770000,0.339,0.139,1,1,0,Public Investment; Labor
AEJ: Applied,2017,9,2,Saving Soviet Science: The Impact of Grants When Government R&D Funding Disappears,Ganguli,RDD,1,Yes,Yes,14.8770000,0.694,0.484,1,1,0,Public Investment; Labor
AEJ: Applied,2017,9,2,Saving Soviet Science: The Impact of Grants When Government R&D Funding Disappears,Ganguli,RDD,1,Yes,Yes,14.8770000,3.042,1.353,1,1,0,Public Investment; Labor
AEJ: Applied,2017,9,2,Saving Soviet Science: The Impact of Grants When Government R&D Funding Disappears,Ganguli,RDD,1,Yes,Yes,14.8770000,30.671,24,1,1,0,Public Investment; Labor
AEJ: Applied,2017,9,2,Saving Soviet Science: The Impact of Grants When Government R&D Funding Disappears,Ganguli,RDD,1,Yes,Yes,14.8770000,0.572,0.198,1,1,0,Public Investment; Labor
AEJ: Applied,2017,9,2,Saving Soviet Science: The Impact of Grants When Government R&D Funding Disappears,Ganguli,RDD,1,Yes,Yes,14.8770000,1.015,1.095,1,1,0,Public Investment; Labor
AEJ: Applied,2017,9,2,Saving Soviet Science: The Impact of Grants When Government R&D Funding Disappears,Ganguli,RDD,1,Yes,Yes,14.8770000,2.692,0.724,1,1,0,Public Investment; Labor
AEJ: Applied,2017,9,2,Saving Soviet Science: The Impact of Grants When Government R&D Funding Disappears,Ganguli,RDD,1,Yes,Yes,14.8770000,28.738,8.661,1,1,0,Public Investment; Labor
AEJ: Applied,2017,9,2,Saving Soviet Science: The Impact of Grants When Government R&D Funding Disappears,Ganguli,RDD,1,Yes,Yes,14.8770000,0.193,0.099,1,1,0,Public Investment; Labor
AEJ: Applied,2017,9,2,Saving Soviet Science: The Impact of Grants When Government R&D Funding Disappears,Ganguli,RDD,1,Yes,Yes,14.8770000,2.319,0.629,1,1,0,Public Investment; Labor
AEJ: Applied,2017,9,2,Saving Soviet Science: The Impact of Grants When Government R&D Funding Disappears,Ganguli,RDD,1,Yes,Yes,14.8770000,3.8,1.902,1,1,0,Public Investment; Labor
AEJ: Applied,2017,9,2,Saving Soviet Science: The Impact of Grants When Government R&D Funding Disappears,Ganguli,RDD,1,Yes,Yes,14.8770000,28.075,29.573,1,1,0,Public Investment; Labor
AEJ: Applied,2017,9,2,Saving Soviet Science: The Impact of Grants When Government R&D Funding Disappears,Ganguli,RDD,1,Yes,Yes,14.8770000,0.546,0.203,1,1,0,Public Investment; Labor
AEJ: Applied,2017,9,2,Saving Soviet Science: The Impact of Grants When Government R&D Funding Disappears,Ganguli,RDD,1,Yes,Yes,14.8770000,2.125,1.899,1,1,0,Public Investment; Labor
AEJ: Applied,2017,9,2,Saving Soviet Science: The Impact of Grants When Government R&D Funding Disappears,Ganguli,RDD,1,Yes,Yes,14.8770000,2.16,0.653,1,1,0,Public Investment; Labor
AEJ: Applied,2017,9,2,Saving Soviet Science: The Impact of Grants When Government R&D Funding Disappears,Ganguli,RDD,1,Yes,Yes,14.8770000,94.549,18.994,1,1,0,Public Investment; Labor
AEJ: Applied,2017,9,2,Saving Soviet Science: The Impact of Grants When Government R&D Funding Disappears,Ganguli,RDD,1,Yes,Yes,14.8770000,-0.009,0.259,1,1,0,Public Investment; Labor
AEJ: Applied,2017,9,2,Saving Soviet Science: The Impact of Grants When Government R&D Funding Disappears,Ganguli,RDD,1,Yes,Yes,14.8770000,2.651,1.273,1,1,0,Public Investment; Labor
AEJ: Applied,2017,9,2,Saving Soviet Science: The Impact of Grants When Government R&D Funding Disappears,Ganguli,RDD,1,Yes,Yes,14.8770000,3.779,1.694,1,1,0,Public Investment; Labor
AEJ: Applied,2017,9,2,Saving Soviet Science: The Impact of Grants When Government R&D Funding Disappears,Ganguli,RDD,1,Yes,Yes,14.8770000,98.905,17.733,1,1,0,Public Investment; Labor
AEJ: Applied,2017,9,2,Saving Soviet Science: The Impact of Grants When Government R&D Funding Disappears,Ganguli,RDD,1,Yes,Yes,14.8770000,0.047,0.191,1,1,0,Public Investment; Labor
AEJ: Applied,2017,9,2,Saving Soviet Science: The Impact of Grants When Government R&D Funding Disappears,Ganguli,RDD,1,Yes,Yes,14.8770000,5.18,1.755,1,1,0,Public Investment; Labor
AEJ: Applied,2017,9,2,Saving Soviet Science: The Impact of Grants When Government R&D Funding Disappears,Ganguli,RDD,1,Yes,Yes,14.8770000,0.814,0.492,1,1,0,Public Investment; Labor
AEJ: Applied,2017,9,2,Saving Soviet Science: The Impact of Grants When Government R&D Funding Disappears,Ganguli,RDD,1,Yes,Yes,14.8770000,60.632,11.574,1,1,0,Public Investment; Labor
AEJ: Applied,2017,9,2,Saving Soviet Science: The Impact of Grants When Government R&D Funding Disappears,Ganguli,RDD,1,Yes,Yes,14.8770000,0.217,0.272,1,1,0,Public Investment; Labor
AEJ: Applied,2017,9,2,Saving Soviet Science: The Impact of Grants When Government R&D Funding Disappears,Ganguli,RDD,1,Yes,Yes,14.8770000,0.04,0.705,1,1,0,Public Investment; Labor
AEJ: Applied,2017,9,2,Saving Soviet Science: The Impact of Grants When Government R&D Funding Disappears,Ganguli,RDD,1,Yes,Yes,14.8770000,3.205,2.645,1,1,0,Public Investment; Labor
AEJ: Applied,2017,9,2,Saving Soviet Science: The Impact of Grants When Government R&D Funding Disappears,Ganguli,RDD,1,Yes,Yes,14.8770000,47.686,34.471,1,1,0,Public Investment; Labor
AEJ: Applied,2017,9,2,Saving Soviet Science: The Impact of Grants When Government R&D Funding Disappears,Ganguli,RDD,1,Yes,Yes,14.8770000,-0.023,0.285,1,1,0,Public Investment; Labor
AEJ: Applied,2017,9,2,Saving Soviet Science: The Impact of Grants When Government R&D Funding Disappears,Ganguli,RDD,1,Yes,Yes,14.8770000,4.325,2.764,1,1,0,Public Investment; Labor
AEJ: Applied,2017,9,2,Saving Soviet Science: The Impact of Grants When Government R&D Funding Disappears,Ganguli,RDD,1,Yes,Yes,14.8770000,3.496,0.395,1,1,0,Public Investment; Labor
AEJ: Applied,2017,9,2,Saving Soviet Science: The Impact of Grants When Government R&D Funding Disappears,Ganguli,RDD,1,Yes,Yes,14.8770000,21.574,8.595,1,1,0,Public Investment; Labor
AEJ: Applied,2017,9,2,Saving Soviet Science: The Impact of Grants When Government R&D Funding Disappears,Ganguli,RDD,1,Yes,Yes,14.8770000,0.029,0.104,1,1,0,Public Investment; Labor
AEJ: Applied,2017,9,2,Saving Soviet Science: The Impact of Grants When Government R&D Funding Disappears,Ganguli,RDD,1,Yes,Yes,14.8770000,4.779,1.103,1,1,0,Public Investment; Labor
AEJ: Applied,2017,9,2,Saving Soviet Science: The Impact of Grants When Government R&D Funding Disappears,Ganguli,RDD,1,Yes,Yes,14.8770000,3.401,0.42,1,1,0,Public Investment; Labor
AEJ: Applied,2017,9,2,Saving Soviet Science: The Impact of Grants When Government R&D Funding Disappears,Ganguli,RDD,1,Yes,Yes,14.8770000,14.139,7.707,1,1,0,Public Investment; Labor
AEJ: Applied,2017,9,2,Saving Soviet Science: The Impact of Grants When Government R&D Funding Disappears,Ganguli,RDD,1,Yes,Yes,14.8770000,0.974,0.1,1,1,0,Public Investment; Labor
AEJ: Applied,2017,9,2,Saving Soviet Science: The Impact of Grants When Government R&D Funding Disappears,Ganguli,RDD,1,Yes,Yes,14.8770000,1.15,1.093,1,1,0,Public Investment; Labor
AEJ: Applied,2017,9,2,Saving Soviet Science: The Impact of Grants When Government R&D Funding Disappears,Ganguli,RDD,1,Yes,Yes,14.8770000,1.727,0.833,1,1,0,Public Investment; Labor
AEJ: Applied,2017,9,2,Saving Soviet Science: The Impact of Grants When Government R&D Funding Disappears,Ganguli,RDD,1,Yes,Yes,14.8770000,32.21,22.963,1,1,0,Public Investment; Labor
AEJ: Applied,2017,9,2,Saving Soviet Science: The Impact of Grants When Government R&D Funding Disappears,Ganguli,RDD,1,Yes,Yes,14.8770000,-0.52,0.32,1,1,0,Public Investment; Labor
AEJ: Applied,2017,9,2,Saving Soviet Science: The Impact of Grants When Government R&D Funding Disappears,Ganguli,RDD,1,Yes,Yes,14.8770000,3.21,0.479,1,1,0,Public Investment; Labor
AEJ: Applied,2017,9,2,Saving Soviet Science: The Impact of Grants When Government R&D Funding Disappears,Ganguli,RDD,1,Yes,Yes,14.8770000,1.459,1.487,1,1,0,Public Investment; Labor
AEJ: Applied,2017,9,2,Saving Soviet Science: The Impact of Grants When Government R&D Funding Disappears,Ganguli,RDD,1,Yes,Yes,14.8770000,9.604,37.45,1,1,0,Public Investment; Labor
AEJ: Applied,2017,9,2,Saving Soviet Science: The Impact of Grants When Government R&D Funding Disappears,Ganguli,RDD,1,Yes,Yes,14.8770000,-0.03,0.265,1,1,0,Public Investment; Labor
AEJ: Applied,2017,9,2,Saving Soviet Science: The Impact of Grants When Government R&D Funding Disappears,Ganguli,RDD,1,Yes,Yes,14.8770000,1.919,2.346,1,1,0,Public Investment; Labor
AEJ: Applied,2017,9,2,Saving Soviet Science: The Impact of Grants When Government R&D Funding Disappears,Ganguli,RDD,1,Yes,Yes,14.8770000,2.136,0.19,1,1,0,Public Investment; Labor
AEJ: Applied,2017,9,2,Saving Soviet Science: The Impact of Grants When Government R&D Funding Disappears,Ganguli,RDD,1,Yes,Yes,14.8770000,44.3,7.383,1,1,0,Public Investment; Labor
AEJ: Applied,2017,9,2,Saving Soviet Science: The Impact of Grants When Government R&D Funding Disappears,Ganguli,RDD,1,Yes,Yes,14.8770000,0.408,0.125,1,1,0,Public Investment; Labor
AEJ: Applied,2017,9,2,Saving Soviet Science: The Impact of Grants When Government R&D Funding Disappears,Ganguli,RDD,1,Yes,Yes,14.8770000,1.119,0.613,1,1,0,Public Investment; Labor
AEJ: Applied,2017,9,2,Saving Soviet Science: The Impact of Grants When Government R&D Funding Disappears,Ganguli,RDD,1,Yes,Yes,14.8770000,3.816,1.75,1,1,0,Public Investment; Labor
AEJ: Applied,2017,9,2,Saving Soviet Science: The Impact of Grants When Government R&D Funding Disappears,Ganguli,RDD,1,Yes,Yes,14.8770000,37.765,30.612,1,1,0,Public Investment; Labor
AEJ: Applied,2017,9,2,Saving Soviet Science: The Impact of Grants When Government R&D Funding Disappears,Ganguli,RDD,1,Yes,Yes,14.8770000,0.637,0.288,1,1,0,Public Investment; Labor
AEJ: Applied,2017,9,2,Saving Soviet Science: The Impact of Grants When Government R&D Funding Disappears,Ganguli,RDD,1,Yes,Yes,14.8770000,1.912,2.619,1,1,0,Public Investment; Labor
AEJ: Applied,2017,9,3,Cash for Corollas: When Stimulus Reduces Spending,"Hoekstra, Puller & West",RDD,1,Yes,No,814.0547989,"-7,622.0000000",800.0000000,3,0,0,Micro; Energy; Fiscal Policy
AEJ: Applied,2017,9,3,Cash for Corollas: When Stimulus Reduces Spending,"Hoekstra, Puller & West",RDD,1,Yes,No,833.0735598,-7600,818,3,0,0,Micro; Energy; Fiscal Policy
AEJ: Applied,2017,9,3,Cash for Corollas: When Stimulus Reduces Spending,"Hoekstra, Puller & West",RDD,1,Yes,No,862.7810203,-7435,838,3,0,0,Micro; Energy; Fiscal Policy
AEJ: Applied,2017,9,3,Cash for Corollas: When Stimulus Reduces Spending,"Hoekstra, Puller & West",RDD,1,Yes,No,883.6235692,-7081,859,3,0,0,Micro; Energy; Fiscal Policy
AEJ: Applied,2017,9,3,Cash for Corollas: When Stimulus Reduces Spending,"Hoekstra, Puller & West",RDD,1,Yes,No,893.8038050,-7605,891,3,0,0,Micro; Energy; Fiscal Policy
AEJ: Applied,2017,9,3,Cash for Corollas: When Stimulus Reduces Spending,"Hoekstra, Puller & West",RDD,,Yes,No,907.7945816,-7535,919,3,0,0,Micro; Energy; Fiscal Policy
AEJ: Applied,2017,9,3,Cash for Corollas: When Stimulus Reduces Spending,"Hoekstra, Puller & West",RDD,1,Yes,No,814.0547989,-6955,747,3,0,0,Micro; Energy; Fiscal Policy
AEJ: Applied,2017,9,3,Cash for Corollas: When Stimulus Reduces Spending,"Hoekstra, Puller & West",RDD,1,Yes,No,833.0735598,-6882,763,3,0,0,Micro; Energy; Fiscal Policy
AEJ: Applied,2017,9,3,Cash for Corollas: When Stimulus Reduces Spending,"Hoekstra, Puller & West",RDD,1,Yes,No,862.7810203,-6798,782,3,0,0,Micro; Energy; Fiscal Policy
AEJ: Applied,2017,9,3,Cash for Corollas: When Stimulus Reduces Spending,"Hoekstra, Puller & West",RDD,1,Yes,No,883.6235692,-6459,802,3,0,0,Micro; Energy; Fiscal Policy
AEJ: Applied,2017,9,3,Cash for Corollas: When Stimulus Reduces Spending,"Hoekstra, Puller & West",RDD,1,Yes,No,893.8038050,-6881,833,3,0,0,Micro; Energy; Fiscal Policy
AEJ: Applied,2017,9,3,Cash for Corollas: When Stimulus Reduces Spending,"Hoekstra, Puller & West",RDD,1,Yes,No,907.7945816,-6837,860,3,0,0,Micro; Energy; Fiscal Policy
AEJ: Applied,2017,9,4,In a Small Moment: Class Size and Moral Hazard in the Italian Mezzogiorno,"Angrist, Battistin & Vuri",IV,2,Yes,No,"13,767.1111111",-0.0610000,0.0200000,3,1,1,Education
AEJ: Applied,2017,9,4,In a Small Moment: Class Size and Moral Hazard in the Italian Mezzogiorno,"Angrist, Battistin & Vuri",IV,2,Yes,No,11571.61224,-0.042,0.017,3,1,1,Education
AEJ: Applied,2017,9,4,In a Small Moment: Class Size and Moral Hazard in the Italian Mezzogiorno,"Angrist, Battistin & Vuri",IV,2,Yes,No,3146.1901,-0.129,0.051,3,1,1,Education
AEJ: Applied,2017,9,4,In a Small Moment: Class Size and Moral Hazard in the Italian Mezzogiorno,"Angrist, Battistin & Vuri",IV,2,Yes,No,210.2500000,-0.035,0.024,3,1,1,Education
AEJ: Applied,2017,9,4,In a Small Moment: Class Size and Moral Hazard in the Italian Mezzogiorno,"Angrist, Battistin & Vuri",IV,2,Yes,No,100,-0.039,0.021,3,1,1,Education
AEJ: Applied,2017,9,4,In a Small Moment: Class Size and Moral Hazard in the Italian Mezzogiorno,"Angrist, Battistin & Vuri",IV,2,Yes,No,240.25,-0.035,0.061,3,1,1,Education
AEJ: Applied,2017,9,4,In a Small Moment: Class Size and Moral Hazard in the Italian Mezzogiorno,"Angrist, Battistin & Vuri",IV,2,Yes,No,"263,169.0000000",0.0075,0.0213,3,1,1,Education
AEJ: Applied,2017,9,4,In a Small Moment: Class Size and Moral Hazard in the Italian Mezzogiorno,"Angrist, Battistin & Vuri",IV,2,Yes,No,308025,-0.0029,0.0298,3,1,1,Education
AEJ: Applied,2017,9,4,In a Small Moment: Class Size and Moral Hazard in the Italian Mezzogiorno,"Angrist, Battistin & Vuri",IV,2,Yes,No,"187,489.0000000",0.0062,0.0441,3,1,1,Education
AEJ: Applied,2017,9,4,In a Small Moment: Class Size and Moral Hazard in the Italian Mezzogiorno,"Angrist, Battistin & Vuri",IV,2,Yes,No,210.2500000,3.82,0.19,3,1,1,Education
AEJ: Applied,2017,9,4,In a Small Moment: Class Size and Moral Hazard in the Italian Mezzogiorno,"Angrist, Battistin & Vuri",IV,2,Yes,No,100,7.33,0.79,3,1,1,Education
AEJ: Applied,2017,9,4,In a Small Moment: Class Size and Moral Hazard in the Italian Mezzogiorno,"Angrist, Battistin & Vuri",IV,2,Yes,No,240.25,2.88,0.16,3,1,1,Education
AEJ: Applied,2017,9,4,In a Small Moment: Class Size and Moral Hazard in the Italian Mezzogiorno,"Angrist, Battistin & Vuri",IV,2,Yes,No,"263,169.0000000",0.012,0.017,3,1,1,Education
AEJ: Applied,2017,9,4,In a Small Moment: Class Size and Moral Hazard in the Italian Mezzogiorno,"Angrist, Battistin & Vuri",IV,2,Yes,No,308025,0.0049,0.0196,3,1,1,Education
AEJ: Applied,2017,9,4,In a Small Moment: Class Size and Moral Hazard in the Italian Mezzogiorno,"Angrist, Battistin & Vuri",IV,2,Yes,No,"187,489.0000000",0.013,0.039,3,1,1,Education
AEJ: Applied,2017,9,4,In a Small Moment: Class Size and Moral Hazard in the Italian Mezzogiorno,"Angrist, Battistin & Vuri",IV,2,Yes,No,156.2500000,3.29,0.18,3,1,1,Education
AEJ: Applied,2017,9,4,In a Small Moment: Class Size and Moral Hazard in the Italian Mezzogiorno,"Angrist, Battistin & Vuri",IV,2,Yes,No,144,4.5,0.45,3,1,1,Education
AEJ: Applied,2017,9,4,In a Small Moment: Class Size and Moral Hazard in the Italian Mezzogiorno,"Angrist, Battistin & Vuri",IV,2,Yes,No,138.0625,2.8,0.18,3,1,1,Education
AEJ: Econ Policy,2014,6,2,The Effect of Disability Insurance Receipt on Labor Supply,French & Song,IV,1,Yes,No,10201,-0.256,0.006,2,0,0,Labor
AEJ: Econ Policy,2014,6,2,The Effect of Disability Insurance Receipt on Labor Supply,French & Song,IV,1,Yes,No,5476,-0.263,0.009,2,0,0,Labor
AEJ: Econ Policy,2014,6,2,The Effect of Disability Insurance Receipt on Labor Supply,French & Song,IV,1,Yes,No,7056,-0.25,0.008,2,0,0,Labor
AEJ: Econ Policy,2014,6,2,The Effect of Disability Insurance Receipt on Labor Supply,French & Song,IV,1,Yes,No,3600,-0.29,0.009,2,0,0,Labor
AEJ: Econ Policy,2014,6,2,The Effect of Disability Insurance Receipt on Labor Supply,French & Song,IV,1,Yes,No,5476,-0.254,0.009,2,0,0,Labor
AEJ: Econ Policy,2014,6,2,The Effect of Disability Insurance Receipt on Labor Supply,French & Song,IV,1,Yes,No,1156,-0.248,0.019,2,0,0,Labor
AEJ: Econ Policy,2014,6,2,The Effect of Disability Insurance Receipt on Labor Supply,French & Song,IV,1,Yes,No,676,-0.069,0.023,2,0,0,Labor
AEJ: Econ Policy,2014,6,2,The Effect of Disability Insurance Receipt on Labor Supply,French & Song,IV,1,Yes,No,7921,-0.252,0.014,2,0,0,Labor
AEJ: Econ Policy,2014,6,2,The Effect of Disability Insurance Receipt on Labor Supply,French & Song,IV,1,Yes,No,2916,-0.265,0.008,2,0,0,Labor
AEJ: Econ Policy,2014,6,2,The Effect of Disability Insurance Receipt on Labor Supply,French & Song,IV,1,Yes,No,1936,-0.221,0.016,2,0,0,Labor
AEJ: Econ Policy,2015,7,3,US State Fiscal Policy and Natural Resources,James,IV,,,,,,,,,,Macro; Fiscal Policy
AEJ: Econ Policy,2016,8,4,Resource Constraints and the Criminal Justice System: Evidence from Judicial Vacancies,Yang,IV,,,,,,,,,,Law; Politics
AEJ: Econ Policy,2017,9,4,The Persistent Reduction in Poverty from Filing a Tax Return,Ramnath & Tong,IV,,,,,,,,,,Tax; Poverty
AEJ: AppliedEcon,2019,,,Job Search Periods for Welfare Applicants: Evidence from a Randomized Experiment,,IV,,,,237.0000000,-4.6000000,1.5400000,3,2,0,Labor; Poverty
AEJ: AppliedEcon,2019,,,Job Search Periods for Welfare Applicants: Evidence from a Randomized Experiment,,IV,,,,237.0000000,-4.8300000,1.5200000,3,2,0,Labor; Poverty
AEJ: AppliedEcon,2019,,,Are Credit Markets Still Local? Evidence from Bank Branch Closings,,IV,,,,,,,1,1,0,Micro; Finance
AEJ: AppliedEcon,2019,,,Are Credit Markets Still Local? Evidence from Bank Branch Closings,,IV,,,,,-10.4100000,3.7380000,1,1,0,Micro; Finance
AEJ: AppliedEcon,2019,,,Are Credit Markets Still Local? Evidence from Bank Branch Closings,,IV,,,,,-871.4000000,327.9000000,1,1,0,Micro; Finance
AEJ: AppliedEcon,2019,,,Are Credit Markets Still Local? Evidence from Bank Branch Closings,,IV,,,,,-5.3040000,11.3300000,1,1,0,Micro; Finance
AEJ: AppliedEcon,2019,,,Are Credit Markets Still Local? Evidence from Bank Branch Closings,,IV,,,,,-710.8000000,"2,188.0000000",1,1,0,Micro; Finance
AEJ: AppliedEcon,2016,,,The Long-Run Effects of Attending an Elite School: Evidence from the United Kingdom,,RK,,,,287.1000000,0.9250000,0.3100000,2,1,0,Education; Inequality; Labor
AEJ: AppliedEcon,2016,,,The Long-Run Effects of Attending an Elite School: Evidence from the United Kingdom,,RK,,,,287.1000000,1.0760000,0.3130000,2,1,0,Education; Inequality; Labor
AEJ: AppliedEcon,2016,,,The Long-Run Effects of Attending an Elite School: Evidence from the United Kingdom,,RK,,,,287.1000000,0.1050000,0.0640000,2,1,0,Education; Inequality; Labor
AEJ: AppliedEcon,2016,,,The Long-Run Effects of Attending an Elite School: Evidence from the United Kingdom,,RK,,,,287.1000000,0.1210000,0.0610000,2,1,0,Education; Inequality; Labor
AEJ: AppliedEcon,2016,,,The Long-Run Effects of Attending an Elite School: Evidence from the United Kingdom,,RK,,,,287.1000000,0.1700000,0.0560000,2,1,0,Education; Inequality; Labor
AEJ: AppliedEcon,2016,,,The Long-Run Effects of Attending an Elite School: Evidence from the United Kingdom,,RK,,,,287.1000000,0.1820000,0.0540000,2,1,0,Education; Inequality; Labor
AEJ: AppliedEcon,2016,,,The Long-Run Effects of Attending an Elite School: Evidence from the United Kingdom,,RK,,,,756.8000000,0.7930000,0.2540000,2,1,0,Education; Inequality; Labor
AEJ: AppliedEcon,2016,,,The Long-Run Effects of Attending an Elite School: Evidence from the United Kingdom,,RK,,,,756.8000000,0.2290000,0.0520000,2,1,0,Education; Inequality; Labor
AEJ: AppliedEcon,2016,,,The Long-Run Effects of Attending an Elite School: Evidence from the United Kingdom,,RK,,,,756.8000000,0.0362000,0.0420000,2,1,0,Education; Inequality; Labor
AEJ: AppliedEcon,2016,,,The Long-Run Effects of Attending an Elite School: Evidence from the United Kingdom,,RK,,,,756.8000000,0.6710000,0.2460000,2,1,0,Education; Inequality; Labor
AEJ: AppliedEcon,2016,,,The Long-Run Effects of Attending an Elite School: Evidence from the United Kingdom,,RK,,,,756.8000000,0.1970000,0.0510000,2,1,0,Education; Inequality; Labor
AEJ: AppliedEcon,2016,,,The Long-Run Effects of Attending an Elite School: Evidence from the United Kingdom,,RK,,,,756.8000000,0.0287000,0.0420000,2,1,0,Education; Inequality; Labor
AEJ: AppliedEcon,2016,,,The Long-Run Effects of Attending an Elite School: Evidence from the United Kingdom,,RK,,,,287.1000000,-0.1150000,0.0810000,2,1,0,Education; Inequality; Labor
AEJ: AppliedEcon,2016,,,The Long-Run Effects of Attending an Elite School: Evidence from the United Kingdom,,RK,,,,287.1000000,-0.0410000,0.0400000,2,1,0,Education; Inequality; Labor
AEJ: AppliedEcon,2016,,,The Long-Run Effects of Attending an Elite School: Evidence from the United Kingdom,,RK,,,,287.1000000,-0.0350000,0.0560000,2,1,0,Education; Inequality; Labor
AEJ: AppliedEcon,2016,,,The Long-Run Effects of Attending an Elite School: Evidence from the United Kingdom,,RK,,,,287.1000000,-0.1300000,0.0820000,2,1,0,Education; Inequality; Labor
AEJ: AppliedEcon,2016,,,The Long-Run Effects of Attending an Elite School: Evidence from the United Kingdom,,RK,,,,287.1000000,-0.0280000,0.0390000,2,1,0,Education; Inequality; Labor
AEJ: AppliedEcon,2016,,,The Long-Run Effects of Attending an Elite School: Evidence from the United Kingdom,,RK,,,,287.1000000,-0.0150000,0.0580000,2,1,0,Education; Inequality; Labor
AEJ: AppliedEcon,2016,,,The Long-Run Effects of Attending an Elite School: Evidence from the United Kingdom,,RK,,,,756.8000000,0.1540000,0.0980000,2,1,0,Education; Inequality; Labor
AEJ: AppliedEcon,2016,,,The Long-Run Effects of Attending an Elite School: Evidence from the United Kingdom,,RK,,,,756.8000000,-0.0100000,0.0370000,2,1,0,Education; Inequality; Labor
AEJ: AppliedEcon,2016,,,The Long-Run Effects of Attending an Elite School: Evidence from the United Kingdom,,RK,,,,756.8000000,0.0730000,0.0500000,2,1,0,Education; Inequality; Labor
AEJ: AppliedEcon,2016,,,The Long-Run Effects of Attending an Elite School: Evidence from the United Kingdom,,RK,,,,756.8000000,0.1710000,0.1020000,2,1,0,Education; Inequality; Labor
AEJ: AppliedEcon,2016,,,The Long-Run Effects of Attending an Elite School: Evidence from the United Kingdom,,RK,,,,756.8000000,-0.0140000,0.0400000,2,1,0,Education; Inequality; Labor
AEJ: AppliedEcon,2016,,,The Long-Run Effects of Attending an Elite School: Evidence from the United Kingdom,,RK,,,,756.8000000,0.0670000,0.0460000,2,1,0,Education; Inequality; Labor
AEJ: AppliedEcon,2016,,,The Long-Run Effects of Attending an Elite School: Evidence from the United Kingdom,,RK,,,,287.1000000,0.2780000,0.1760000,2,1,0,Education; Inequality; Labor
AEJ: AppliedEcon,2016,,,The Long-Run Effects of Attending an Elite School: Evidence from the United Kingdom,,RK,,,,287.1000000,0.0170000,0.0600000,2,1,0,Education; Inequality; Labor
AEJ: AppliedEcon,2016,,,The Long-Run Effects of Attending an Elite School: Evidence from the United Kingdom,,RK,,,,287.1000000,-0.0040000,0.0630000,2,1,0,Education; Inequality; Labor
AEJ: AppliedEcon,2016,,,The Long-Run Effects of Attending an Elite School: Evidence from the United Kingdom,,RK,,,,287.1000000,0.3700000,0.1750000,2,1,0,Education; Inequality; Labor
AEJ: AppliedEcon,2016,,,The Long-Run Effects of Attending an Elite School: Evidence from the United Kingdom,,RK,,,,287.1000000,0.0310000,0.0600000,2,1,0,Education; Inequality; Labor
AEJ: AppliedEcon,2016,,,The Long-Run Effects of Attending an Elite School: Evidence from the United Kingdom,,RK,,,,287.1000000,-0.0050000,0.0650000,2,1,0,Education; Inequality; Labor
AEJ: AppliedEcon,2016,,,The Long-Run Effects of Attending an Elite School: Evidence from the United Kingdom,,RK,,,,756.8000000,-0.3880000,0.1280000,2,1,0,Education; Inequality; Labor
AEJ: AppliedEcon,2016,,,The Long-Run Effects of Attending an Elite School: Evidence from the United Kingdom,,RK,,,,756.8000000,-0.0810000,0.0420000,2,1,0,Education; Inequality; Labor
AEJ: AppliedEcon,2016,,,The Long-Run Effects of Attending an Elite School: Evidence from the United Kingdom,,RK,,,,756.8000000,0.0510000,0.0480000,2,1,0,Education; Inequality; Labor
AEJ: AppliedEcon,2016,,,The Long-Run Effects of Attending an Elite School: Evidence from the United Kingdom,,RK,,,,756.8000000,-0.3690000,0.1280000,2,1,0,Education; Inequality; Labor
AEJ: AppliedEcon,2016,,,The Long-Run Effects of Attending an Elite School: Evidence from the United Kingdom,,RK,,,,756.8000000,-0.0750000,0.0420000,2,1,0,Education; Inequality; Labor
AEJ: AppliedEcon,2016,,,The Long-Run Effects of Attending an Elite School: Evidence from the United Kingdom,,RK,,,,756.8000000,0.0460000,0.0490000,2,1,0,Education; Inequality; Labor
AEJ: AppliedEcon,2015,,,The Girl Next Door: The Effect of Opposite Gender Friends on High School Achievement,,IV,,,,16.1200000,-0.8400000,0.5100000,1,0,0,Education
AEJ: AppliedEcon,2015,,,The Girl Next Door: The Effect of Opposite Gender Friends on High School Achievement,,IV,,,,15.3200000,-1.0500000,0.5300000,1,0,0,Education
AEJ: AppliedEcon,2015,,,The Girl Next Door: The Effect of Opposite Gender Friends on High School Achievement,,IV,,,,12.1700000,-1.5800000,0.7200000,1,0,0,Education
AEJ: AppliedEcon,2015,,,The Girl Next Door: The Effect of Opposite Gender Friends on High School Achievement,,IV,,,,15.0300000,-0.6700000,0.5400000,1,0,0,Education
AEJ: AppliedEcon,2015,,,The Girl Next Door: The Effect of Opposite Gender Friends on High School Achievement,,IV,,,,9.1500000,-0.7000000,0.6000000,1,0,0,Education
AEJ: AppliedEcon,2015,,,The Girl Next Door: The Effect of Opposite Gender Friends on High School Achievement,,IV,,,,8.8500000,-1.6000000,0.8100000,1,0,0,Education
AEJ: AppliedEcon,2015,,,The Girl Next Door: The Effect of Opposite Gender Friends on High School Achievement,,IV,,,,8.7600000,-1.3900000,0.8200000,1,0,0,Education
AEJ: AppliedEcon,2015,,,The Girl Next Door: The Effect of Opposite Gender Friends on High School Achievement,,IV,,,,5.9400000,-1.8300000,1.0100000,1,0,0,Education
AEJ: AppliedEcon,2015,,,The Girl Next Door: The Effect of Opposite Gender Friends on High School Achievement,,IV,,,,9.0700000,0.0900000,0.6100000,1,0,0,Education
AEJ: AppliedEcon,2015,,,The Girl Next Door: The Effect of Opposite Gender Friends on High School Achievement,,IV,,,,8.8200000,-1.8800000,1.0000000,1,0,0,Education
AEJ: AppliedEcon,2016,,,Patents as a Spur to Subsequent Innovation? Evidence from Pharmaceuticals,,IV,,,,18.8400000,0.4110000,0.1810000,1,0,0,Law; Micro
AEJ: AppliedEcon,2016,,,Patents as a Spur to Subsequent Innovation? Evidence from Pharmaceuticals,,IV,,,,43.5500000,0.3350000,0.1280000,1,0,0,Law; Micro
AEJ: AppliedEcon,2016,,,Patents as a Spur to Subsequent Innovation? Evidence from Pharmaceuticals,,IV,,,,43.5200000,0.3370000,0.1280000,1,0,0,Law; Micro
AEJ: AppliedEcon,2016,,,Patents as a Spur to Subsequent Innovation? Evidence from Pharmaceuticals,,IV,,,,43.5200000,0.1680000,0.2560000,1,0,0,Law; Micro
AEJ: AppliedEcon,2016,,,Patents as a Spur to Subsequent Innovation? Evidence from Pharmaceuticals,,IV,,,,43.5200000,0.4250000,0.1570000,1,0,0,Law; Micro
AEJ: AppliedEcon,2013,,,Slum Clearance and Urban Renewal in the United States,,IV,,,,13.8000000,0.0006900,0.0003450,2,1,0,Poverty; Labor; Education; Fiscal Policy
AEJ: AppliedEcon,2013,,,Slum Clearance and Urban Renewal in the United States,,IV,,,,13.8000000,0.0002410,0.0001100,2,1,0,Poverty; Labor; Education; Fiscal Policy
AEJ: AppliedEcon,2013,,,Slum Clearance and Urban Renewal in the United States,,IV,,,,13.8000000,0.0033700,0.0020300,2,1,0,Poverty; Labor; Education; Fiscal Policy
AEJ: AppliedEcon,2013,,,Slum Clearance and Urban Renewal in the United States,,IV,,,,13.8000000,-0.0061100,0.0050800,2,1,0,Poverty; Labor; Education; Fiscal Policy
AEJ: AppliedEcon,2013,,,Slum Clearance and Urban Renewal in the United States,,IV,,,,13.8000000,0.0009920,0.0005060,2,1,0,Poverty; Labor; Education; Fiscal Policy
AEJ: AppliedEcon,2013,,,Slum Clearance and Urban Renewal in the United States,,IV,,,,13.8000000,0.0004130,0.0002080,2,1,0,Poverty; Labor; Education; Fiscal Policy
AEJ: AppliedEcon,2013,,,Slum Clearance and Urban Renewal in the United States,,IV,,,,13.8000000,0.0061000,0.0030700,2,1,0,Poverty; Labor; Education; Fiscal Policy
AEJ: AppliedEcon,2013,,,Slum Clearance and Urban Renewal in the United States,,IV,,,,13.8000000,-0.0127000,0.0091600,2,1,0,Poverty; Labor; Education; Fiscal Policy
AEJ: AppliedEcon,2013,,,Slum Clearance and Urban Renewal in the United States,,IV,,,,13.8000000,0.0010000,0.0003830,2,1,0,Poverty; Labor; Education; Fiscal Policy
AEJ: AppliedEcon,2013,,,Slum Clearance and Urban Renewal in the United States,,IV,,,,13.8000000,0.0002780,0.0001370,2,1,0,Poverty; Labor; Education; Fiscal Policy
AEJ: AppliedEcon,2013,,,Slum Clearance and Urban Renewal in the United States,,IV,,,,13.8000000,0.0074100,0.0037700,2,1,0,Poverty; Labor; Education; Fiscal Policy
AEJ: AppliedEcon,2013,,,Slum Clearance and Urban Renewal in the United States,,IV,,,,13.8000000,-0.0093500,0.0062600,2,1,0,Poverty; Labor; Education; Fiscal Policy
AEJ: AppliedEcon,2013,,,Slum Clearance and Urban Renewal in the United States,,IV,,,,13.8000000,0.0006950,0.0003380,2,1,0,Poverty; Labor; Education; Fiscal Policy
AEJ: AppliedEcon,2013,,,Slum Clearance and Urban Renewal in the United States,,IV,,,,13.8000000,0.0002650,0.0001190,2,1,0,Poverty; Labor; Education; Fiscal Policy
AEJ: AppliedEcon,2013,,,Slum Clearance and Urban Renewal in the United States,,IV,,,,13.8000000,0.0040700,0.0023300,2,1,0,Poverty; Labor; Education; Fiscal Policy
AEJ: AppliedEcon,2013,,,Slum Clearance and Urban Renewal in the United States,,IV,,,,13.8000000,-0.0078500,0.0047100,2,1,0,Poverty; Labor; Education; Fiscal Policy
AEJ: AppliedEcon,2013,,,Slum Clearance and Urban Renewal in the United States,,IV,,,,13.8000000,0.0005990,0.0003310,2,1,0,Poverty; Labor; Education; Fiscal Policy
AEJ: AppliedEcon,2013,,,Slum Clearance and Urban Renewal in the United States,,IV,,,,13.8000000,0.0002450,0.0000980,2,1,0,Poverty; Labor; Education; Fiscal Policy
AEJ: AppliedEcon,2013,,,Slum Clearance and Urban Renewal in the United States,,IV,,,,13.8000000,0.0035600,0.0018200,2,1,0,Poverty; Labor; Education; Fiscal Policy
AEJ: AppliedEcon,2013,,,Slum Clearance and Urban Renewal in the United States,,IV,,,,13.8000000,-0.0069100,0.0046100,2,1,0,Poverty; Labor; Education; Fiscal Policy
AEJ: AppliedEcon,2013,,,Slum Clearance and Urban Renewal in the United States,,IV,,,,13.8000000,0.0007890,0.0004450,2,1,0,Poverty; Labor; Education; Fiscal Policy
AEJ: AppliedEcon,2013,,,Slum Clearance and Urban Renewal in the United States,,IV,,,,13.8000000,0.0007100,0.0003950,2,1,0,Poverty; Labor; Education; Fiscal Policy
AEJ: AppliedEcon,2013,,,Slum Clearance and Urban Renewal in the United States,,IV,,,,32.2000000,0.0008520,0.0003840,2,1,0,Poverty; Labor; Education; Fiscal Policy
AEJ: AppliedEcon,2013,,,Slum Clearance and Urban Renewal in the United States,,IV,,,,13.8000000,0.0003180,0.0001300,2,1,0,Poverty; Labor; Education; Fiscal Policy
AEJ: AppliedEcon,2013,,,Slum Clearance and Urban Renewal in the United States,,IV,,,,13.8000000,0.0003070,0.0001100,2,1,0,Poverty; Labor; Education; Fiscal Policy
AEJ: AppliedEcon,2013,,,Slum Clearance and Urban Renewal in the United States,,IV,,,,32.2000000,0.0002520,0.0000970,2,1,0,Poverty; Labor; Education; Fiscal Policy
AEJ: AppliedEcon,2013,,,Slum Clearance and Urban Renewal in the United States,,IV,,,,13.8000000,0.0051400,0.0026600,2,1,0,Poverty; Labor; Education; Fiscal Policy
AEJ: AppliedEcon,2013,,,Slum Clearance and Urban Renewal in the United States,,IV,,,,13.8000000,0.0045900,0.0023400,2,1,0,Poverty; Labor; Education; Fiscal Policy
AEJ: AppliedEcon,2013,,,Slum Clearance and Urban Renewal in the United States,,IV,,,,32.2000000,0.0059800,0.0031400,2,1,0,Poverty; Labor; Education; Fiscal Policy
AEJ: AppliedEcon,2013,,,Slum Clearance and Urban Renewal in the United States,,IV,,,,13.8000000,-0.0089600,0.0061500,2,1,0,Poverty; Labor; Education; Fiscal Policy
AEJ: AppliedEcon,2013,,,Slum Clearance and Urban Renewal in the United States,,IV,,,,13.8000000,-0.0076200,0.0050100,2,1,0,Poverty; Labor; Education; Fiscal Policy
AEJ: AppliedEcon,2013,,,Slum Clearance and Urban Renewal in the United States,,IV,,,,32.2000000,-0.0076000,0.0049700,2,1,0,Poverty; Labor; Education; Fiscal Policy
AEJ: AppliedEcon,2012,,,When They’re Sixty-Four: Peer Effects and the Timing of Retirement,,IV,"strategy ""Differential IV""",,,28.5900000,0.0150000,0.0060000,2,1,0,Labor; Education
AEJ: AppliedEcon,2012,,,When They’re Sixty-Four: Peer Effects and the Timing of Retirement,,IV,,,,19.4800000,0.0150000,0.0070000,2,1,0,Labor; Education
AEJ: AppliedEcon,2012,,,When They’re Sixty-Four: Peer Effects and the Timing of Retirement,,IV,,,,8.1900000,0.0260000,0.0100000,2,1,0,Labor; Education
AEJ: AppliedEcon,2012,,,When They’re Sixty-Four: Peer Effects and the Timing of Retirement,,IV,,,,6.1800000,0.0150000,0.0080000,2,1,0,Labor; Education
AEJ: AppliedEcon,2012,,,When They’re Sixty-Four: Peer Effects and the Timing of Retirement,,IV,,,,11.4300000,0.0200000,0.0100000,2,1,0,Labor; Education
AEJ: AppliedEcon,2012,,,When They’re Sixty-Four: Peer Effects and the Timing of Retirement,,IV,,,,81.8500000,0.1820000,0.0910000,2,1,0,Labor; Education
AEJ: AppliedEcon,2012,,,When They’re Sixty-Four: Peer Effects and the Timing of Retirement,,IV,,,,24.2300000,0.0190000,0.0070000,2,1,0,Labor; Education
AEJ: AppliedEcon,2012,,,When They’re Sixty-Four: Peer Effects and the Timing of Retirement,,IV,,,,31.3100000,0.0150000,0.0060000,2,1,0,Labor; Education
AEJ: AppliedEcon,2012,,,When They’re Sixty-Four: Peer Effects and the Timing of Retirement,,IV,,,,34.1900000,0.0100000,0.0030000,2,1,0,Labor; Education
AEJ: AppliedEcon,2012,,,When They’re Sixty-Four: Peer Effects and the Timing of Retirement,,IV,,,,7.2000000,0.0270000,0.0060000,2,1,0,Labor; Education
AEJ: AppliedEcon,2019,,,Trade and Income—Exploiting Time Series in Geography,,IV,,,,29.4500000,0.6880000,0.1110000,1,0,0,Macro; Trade; Income
AEJ: AppliedEcon,2019,,,Trade and Income—Exploiting Time Series in Geography,,IV,,,,15.9500000,0.7320000,0.1460000,1,0,0,Macro; Trade; Income
AEJ: AppliedEcon,2019,,,Trade and Income—Exploiting Time Series in Geography,,IV,,,,12.2200000,0.6680000,0.1650000,1,0,0,Macro; Trade; Income
AEJ: AppliedEcon,2019,,,Trade and Income—Exploiting Time Series in Geography,,IV,,,,6.2600000,0.5960000,0.2470000,1,0,0,Macro; Trade; Income
AEJ: AppliedEcon,2019,,,Trade and Income—Exploiting Time Series in Geography,,IV,,,,47.2200000,0.5780000,0.0820000,1,0,0,Macro; Trade; Income
AEJ: AppliedEcon,2019,,,Trade and Income—Exploiting Time Series in Geography,,IV,,,,15.2900000,0.6110000,0.1310000,1,0,0,Macro; Trade; Income
AEJ: AppliedEcon,2019,,,Trade and Income—Exploiting Time Series in Geography,,IV,,,,30.4700000,0.4590000,0.0970000,1,0,0,Macro; Trade; Income
AEJ: AppliedEcon,2019,,,Trade and Income—Exploiting Time Series in Geography,,IV,,,,20.9200000,0.7160000,0.1280000,1,0,0,Macro; Trade; Income
AEJ: AppliedEcon,2019,,,Trade and Income—Exploiting Time Series in Geography,,IV,,,,21.6800000,0.7390000,0.1490000,1,0,0,Macro; Trade; Income
AEJ: AppliedEcon,2019,,,Trade and Income—Exploiting Time Series in Geography,,IV,,,,5.1820000,0.6980000,0.2340000,1,0,0,Macro; Trade; Income
AEJ: AppliedEcon,2019,,,Trade and Income—Exploiting Time Series in Geography,,IV,,,,10.1500000,0.5400000,0.1520000,1,0,0,Macro; Trade; Income
AEJ: AppliedEcon,2019,,,Trade and Income—Exploiting Time Series in Geography,,IV,,,,1.6860000,1.2010000,0.7220000,1,0,0,Macro; Trade; Income
AEJ: AppliedEcon,2019,,,Trade and Income—Exploiting Time Series in Geography,,IV,,,,47.2200000,0.5780000,0.0820000,1,0,0,Macro; Trade; Income
AEJ: AppliedEcon,2019,,,Trade and Income—Exploiting Time Series in Geography,,IV,,,,17.2200000,0.3180000,0.1380000,1,0,0,Macro; Trade; Income
AEJ: AppliedEcon,2019,,,Trade and Income—Exploiting Time Series in Geography,,IV,,,,9.1500000,0.4350000,0.0970000,1,0,0,Macro; Trade; Income
AEJ: AppliedEcon,2019,,,Trade and Income—Exploiting Time Series in Geography,,IV,,,,4.4500000,0.6850000,0.2830000,1,0,0,Macro; Trade; Income
AEJ: AppliedEcon,2019,,,Trade and Income—Exploiting Time Series in Geography,,IV,,,,4.6200000,0.6690000,0.2240000,1,0,0,Macro; Trade; Income
AEJ: Macro,2016,,,Does the Technological Content of Government Demand Matter for Private R&D? Evidence from US States,,IV,,,,12.43,0.22,0.108,2,0,0,Macro
AEJ: Macro,2016,,,Does the Technological Content of Government Demand Matter for Private R&D? Evidence from US States,,IV,,,,9.68,0.263,0.087,2,0,0,Macro
AEJ:Macro,2015,,,Happiness and the Persistence of Income Shocks,,IV,,,,4.229,0.45,0.07,2,0,0,Macro; Labor
AEJ:Macro,2015,,,Happiness and the Persistence of Income Shocks,,IV,,,,11.316,0.07,0.05,2,0,0,Macro; Labor
AEJ:Macro,2015,,,Happiness and the Persistence of Income Shocks,,IV,,,,4.229,0.49,0.09,2,0,0,Macro; Labor
AEJ:Macro,2015,,,Happiness and the Persistence of Income Shocks,,IV,,,,4.229,0.5,0.11,2,0,0,Macro; Labor
AEJ:Macro,2015,,,Happiness and the Persistence of Income Shocks,,IV,,,,4.229,0.47,0.07,2,0,0,Macro; Labor
AEJ:Macro,2011,,,Education and Catch-up in the Industrial Revolution,,IV,,,,69.85,0.136,0.036,3,0,0,Education; Macro
AEJ:Macro,2011,,,Education and Catch-up in the Industrial Revolution,,IV,,,,69.85,0.069,0.013,3,0,0,Education; Macro
AEJ:Macro,2011,,,Education and Catch-up in the Industrial Revolution,,IV,,,,69.85,0.093,0.025,3,0,0,Education; Macro
AEJ:Macro,2011,,,Education and Catch-up in the Industrial Revolution,,IV,,,,69.85,-0.026,0.025,3,0,0,Education; Macro
AEJ:Macro,2011,,,Education and Catch-up in the Industrial Revolution,,IV,,,,211.21,0.049,0.03,3,0,0,Education; Macro
AEJ:Macro,2011,,,Education and Catch-up in the Industrial Revolution,,IV,,,,65.29,0.101,0.036,3,0,0,Education; Macro
AEJ:Macro,2011,,,Education and Catch-up in the Industrial Revolution,,IV,,,,65.29,0.06,0.012,3,0,0,Education; Macro
AEJ:Macro,2011,,,Education and Catch-up in the Industrial Revolution,,IV,,,,65.29,0.076,0.024,3,0,0,Education; Macro
AEJ:Macro,2011,,,Education and Catch-up in the Industrial Revolution,,IV,,,,65.29,-0.018,0.02,3,0,0,Education; Macro
AEJ:Macro,2010,,,Do Output Contractions Trigger Democratic Change?,,IV,,,,7.83,-0.0126,0.0061,2,0,0,Politics; Macro
AEJ:Macro,2010,,,Do Output Contractions Trigger Democratic Change?,,IV,,,,4.6,-0.0096,0.0077,2,0,0,Politics; Macro
AEJ:Macro,2010,,,Do Output Contractions Trigger Democratic Change?,,IV,,,,16.53,-0.0154,0.0075,2,0,0,Politics; Macro
AEJ:Macro,2010,,,Do Output Contractions Trigger Democratic Change?,,IV,,,,2.72,0.0007,0.0063,2,0,0,Politics; Macro
AEJ:Macro,2010,,,Do Output Contractions Trigger Democratic Change?,,IV,,,,5.03,0.0082,0.0077,2,0,0,Politics; Macro
AEJ:Macro,2010,,,Do Output Contractions Trigger Democratic Change?,,IV,,,,2.2,0.018,0.0132,2,0,0,Politics; Macro
AEJ:Macro,2010,,,Do Output Contractions Trigger Democratic Change?,,IV,,,,10.93,0.0052,0.0072,2,0,0,Politics; Macro
AEJ:Macro,2010,,,Do Output Contractions Trigger Democratic Change?,,IV,,,,0,-0.0009,0.0002,2,0,0,Politics; Macro
AEJ:Macro,2010,,,How Much Does Immigration Boost Innovation?,,IV,,,,27,30.3,7.2,2,2,1,Labor; Macro
AEJ:Macro,2010,,,How Much Does Immigration Boost Innovation?,,IV,,,,24,26.3,7.1,2,2,1,Labor; Macro
AEJ:Macro,2010,,,How Much Does Immigration Boost Innovation?,,IV,,,,51,18.9,7.1,2,2,1,Labor; Macro
AEJ:Macro,2010,,,How Much Does Immigration Boost Innovation?,,IV,,,,30,23.4,5.4,2,2,1,Labor; Macro
AEJ:Macro,2010,,,How Much Does Immigration Boost Innovation?,,IV,,,,31,24.5,6.3,2,2,1,Labor; Macro
AEJ:Macro,2010,,,How Much Does Immigration Boost Innovation?,,IV,,,,28,23.1,7,2,2,1,Labor; Macro
AEJ:Macro,2010,,,How Much Does Immigration Boost Innovation?,,IV,,,,39,24.5,7.8,2,2,1,Labor; Macro
AEJ:Macro,2010,,,How Much Does Immigration Boost Innovation?,,IV,,,,27,17.6,5.6,2,2,1,Labor; Macro
AEJ:Macro,2010,,,How Much Does Immigration Boost Innovation?,,IV,,,,9,18.6,7.6,2,2,1,Labor; Macro
AEJ:Macro,2010,,,How Much Does Immigration Boost Innovation?,,IV,,,,10,12.3,6.1,2,2,1,Labor; Macro
AEJ: Macro,2020,,,Rage against the Machines: Labor-Saving Technology and Unrest in Industrializing England,,IV,,,,17.7,6.361,1.616,2,0,0,Labor; Macro
AEJ: Macro,2020,,,Rage against the Machines: Labor-Saving Technology and Unrest in Industrializing England,,IV,,,,15.9,6.557,1.768,2,0,0,Labor; Macro
AEJ: Macro,2019,,,Estimating US Consumer Gains from Chinese Imports,,IV,,,,69.6,0.5,0.122,2,0,0,Macro; Trade
AEJ: Macro,2019,,,Estimating US Consumer Gains from Chinese Imports,,IV,,,,78.1,0.364,0.114,2,0,0,Macro; Trade
AEJ: Economic Policy,2019,,,Randomized Safety Inspections and Risk Exposure on the Job: Quasi-experimental Estimates of the Value of a Statistical Life,,IV,,,,15.7,0.204,0.0715,2,1,0,Health; Labor; Politics
AEJ: Economic Policy,2019,,,Randomized Safety Inspections and Risk Exposure on the Job: Quasi-experimental Estimates of the Value of a Statistical Life,,IV,,,,15.71,0.223,0.0751,2,1,0,Health; Labor; Politics
AEJ: Economic Policy,2019,,,Randomized Safety Inspections and Risk Exposure on the Job: Quasi-experimental Estimates of the Value of a Statistical Life,,IV,,,,20.34,0.242,0.0795,2,1,0,Health; Labor; Politics
AEJ: Economic Policy,2019,,,Randomized Safety Inspections and Risk Exposure on the Job: Quasi-experimental Estimates of the Value of a Statistical Life,,IV,,,,20.32,0.018,0.00599,2,1,0,Health; Labor; Politics
AEJ: Economic Policy,2019,,,Randomized Safety Inspections and Risk Exposure on the Job: Quasi-experimental Estimates of the Value of a Statistical Life,,IV,,,,16.32,0.337,0.115,2,1,0,Health; Labor; Politics
AEJ: Economic Policy,2019,,,Are Local Tax Rates Strategic Complements or Strategic Substitutes?,,IV,,,,6.197,0.662,0.166,1,0,0,Tax; Macro
AEJ: Economic Policy,2019,,,Are Local Tax Rates Strategic Complements or Strategic Substitutes?,,IV,,,,29.8,-0.497,0.223,1,0,0,Tax; Macro
AEJ: Economic Policy,2019,,,Are Local Tax Rates Strategic Complements or Strategic Substitutes?,,IV,,,,28.18,-0.332,0.093,1,0,0,Tax; Macro
AEJ: Economic Policy,2019,,,Are Local Tax Rates Strategic Complements or Strategic Substitutes?,,IV,,,,53.3,-0.322,0.179,1,0,0,Tax; Macro
AEJ: Economic Policy,2019,,,Are Local Tax Rates Strategic Complements or Strategic Substitutes?,,IV,,,,63.2,-0.458,0.245,1,0,0,Tax; Macro
AEJ: Economic Policy,2019,,,Are Local Tax Rates Strategic Complements or Strategic Substitutes?,,IV,,,,28.15,-0.753,0.385,1,0,0,Tax; Macro
AEJ: Economic Policy,2019,,,Are Local Tax Rates Strategic Complements or Strategic Substitutes?,,IV,,,,36.01,-0.225,0.298,1,0,0,Tax; Macro
AEJ: Economic Policy,2019,,,Are Local Tax Rates Strategic Complements or Strategic Substitutes?,,IV,,,,29.99,-0.993,0.397,1,0,0,Tax; Macro
AEJ: Economic Policy,2019,,,Are Local Tax Rates Strategic Complements or Strategic Substitutes?,,IV,,,,25.93,0.194,0.121,1,0,0,Tax; Macro
AEJ: Economic Policy,2019,,,Are Local Tax Rates Strategic Complements or Strategic Substitutes?,,IV,,,,25.24,-0.392,0.253,1,0,0,Tax; Macro
AEJ: Economic Policy,2019,,,Are Local Tax Rates Strategic Complements or Strategic Substitutes?,,IV,,,,13.11,-0.716,0.314,1,0,0,Tax; Macro
AEJ: Economic Policy,2019,,,Are Local Tax Rates Strategic Complements or Strategic Substitutes?,,IV,,,,8.99,-0.315,0.293,1,0,0,Tax; Macro
AEJ: Economic Policy,2018,,,Fleeing a Lame Duck: Policy Uncertainty and Manufacturing Investment in US States,,IV,,,,321.1,-0.0273,0.0131,2,0,0,Politics; Investment; Micro
AEJ: Economic Policy,2018,,,Fleeing a Lame Duck: Policy Uncertainty and Manufacturing Investment in US States,,IV,,,,315.2,-0.028,0.012,2,0,0,Politics; Investment; Micro
AEJ: Economic Policy,2018,,,Fleeing a Lame Duck: Policy Uncertainty and Manufacturing Investment in US States,,IV,,,,424,-0.0263,0.0112,2,0,0,Politics; Investment; Micro
AEJ: Economic Policy,2018,,,Fleeing a Lame Duck: Policy Uncertainty and Manufacturing Investment in US States,,IV,,,,296.3,-0.0315,0.0141,2,0,0,Politics; Investment; Micro
AEJ: Economic Policy,2018,,,Fleeing a Lame Duck: Policy Uncertainty and Manufacturing Investment in US States,,IV,,,,292.2,-0.0244,0.0126,2,0,0,Politics; Investment; Micro
AEJ: Economic Policy,2018,,,Fleeing a Lame Duck: Policy Uncertainty and Manufacturing Investment in US States,,IV,,,,127.8,-0.0393,0.0201,2,0,0,Politics; Investment; Micro
AEJ: Economic Policy,2018,,,Fleeing a Lame Duck: Policy Uncertainty and Manufacturing Investment in US States,,IV,,,,216,-0.0164,0.0158,2,0,0,Politics; Investment; Micro
AEJ: Economic Policy,2018,,,Fleeing a Lame Duck: Policy Uncertainty and Manufacturing Investment in US States,,IV,,,,127.9,-0.0385,0.0192,2,0,0,Politics; Investment; Micro
AEJ: Economic Policy,2018,,,Fleeing a Lame Duck: Policy Uncertainty and Manufacturing Investment in US States,,IV,,,,215.7,-0.0164,0.0159,2,0,0,Politics; Investment; Micro
AEJ: Economic Policy,2018,,,Fleeing a Lame Duck: Policy Uncertainty and Manufacturing Investment in US States,,IV,,,,100.4,-0.0514,0.0231,2,0,0,Politics; Investment; Micro
AEJ: Economic Policy,2018,,,Fleeing a Lame Duck: Policy Uncertainty and Manufacturing Investment in US States,,IV,,,,213.4,-0.00462,0.0151,2,0,0,Politics; Investment; Micro
AEJ: Economic Policy,2018,,,"The Decline, Rebound, and Further Rise in SNAP Enrollment: Disentangling Business Cycle Fluctuations and Policy Changes",,IV,,,,128,0.163,0.035,2,0,2,Poverty; Labor
AEJ: Economic Policy,2018,,,"The Decline, Rebound, and Further Rise in SNAP Enrollment: Disentangling Business Cycle Fluctuations and Policy Changes",,IV,,,,125,0.167,0.038,2,0,2,Poverty; Labor
AEJ: Economic Policy,2018,,,"The Decline, Rebound, and Further Rise in SNAP Enrollment: Disentangling Business Cycle Fluctuations and Policy Changes",,IV,,,,124,0.148,0.038,2,0,2,Poverty; Labor
AEJ: Economic Policy,2021,,,Democracy and Aid Donorship,,IV,,,,22.54,-0.0008,0.0269,2,1,0,Macro
AEJ: Economic Policy,2021,,,Democracy and Aid Donorship,,IV,,,,10.19,-0.4119,0.0997,2,1,0,Macro
AEJ: Economic Policy,2021,,,Democracy and Aid Donorship,,IV,,,,11.76,-0.458,0.1274,2,1,0,Macro
AEJ: Economic Policy,2021,,,Democracy and Aid Donorship,,IV,,,,13.1,-0.3123,0.1034,2,1,0,Macro
AEJ: Economic Policy,2021,,,Democracy and Aid Donorship,,IV,,,,11.75,-0.472,0.1255,2,1,0,Macro
AEJ: Economic Policy,2021,,,Democracy and Aid Donorship,,IV,,,,10.06,-0.3703,0.1156,2,1,0,Macro
AEJ: Economic Policy,2021,,,Democracy and Aid Donorship,,IV,,,,11.73,-0.4536,0.1285,2,1,0,Macro
AEJ: Economic Policy,2021,,,Democracy and Aid Donorship,,IV,,,,12.88,0.4738,0.1314,2,1,0,Macro
AEJ: Economic Policy,2021,,,Do School Spending Cuts Matter? Evidence from the Great Recession,,IV,,,,37.02,0.00323,0.00205,3,1,0,Education; Macro
AEJ: Economic Policy,2021,,,Do School Spending Cuts Matter? Evidence from the Great Recession,,IV,,,,31.19,0.00428,0.00229,3,1,0,Education; Macro
AEJ: Economic Policy,2021,,,Do School Spending Cuts Matter? Evidence from the Great Recession,,IV,,,,13.38,-0.000114,0.00281,3,1,0,Education; Macro
AEJ: Economic Policy,2021,,,Do School Spending Cuts Matter? Evidence from the Great Recession,,IV,,,,21.71,-0.0000475,0.00338,3,1,0,Education; Macro
AEJ: Economic Policy,2021,,,Do School Spending Cuts Matter? Evidence from the Great Recession,,IV,,,,109.6,0.00519,0.00131,3,1,0,Education; Macro
AEJ: Economic Policy,2021,,,Do School Spending Cuts Matter? Evidence from the Great Recession,,IV,,,,46.27,0.00488,0.00221,3,1,0,Education; Macro
AEJ: Economic Policy,2021,,,Do School Spending Cuts Matter? Evidence from the Great Recession,,IV,,,,21.93,0.00427,0.00322,3,1,0,Education; Macro
AEJ: Economic Policy,2021,,,Do School Spending Cuts Matter? Evidence from the Great Recession,,IV,,,,36.67,0.00357,0.00398,3,1,0,Education; Macro
AEJ: Economic Policy,2016,,,Resource Constraints and the Criminal Justice System: Evidence from Judicial Vacancies,,IV,,,,61.03,,,1,1,0,Law; Politics
AEJ: Economic Policy,2016,,,Resource Constraints and the Criminal Justice System: Evidence from Judicial Vacancies,,IV,,,,61.03,,,,,,Law; Politics
AEJ: Economic Policy,2016,,,Resource Constraints and the Criminal Justice System: Evidence from Judicial Vacancies,,IV,,,,61.03,,,,,,Law; Politics
AEJ: Economic Policy,2015,,,US State Fiscal Policy and Natural Resources,,IV,,,,431,-0.275,0.104,1,0,0,Tax; Micro
AEJ: Economic Policy,2015,,,US State Fiscal Policy and Natural Resources,,IV,,,,300,-0.083,0.108,1,0,0,Tax; Micro
AEJ: Economic Policy,2015,,,US State Fiscal Policy and Natural Resources,,IV,,,,431,-0.218,0.036,1,0,0,Tax; Micro
AEJ: Economic Policy,2015,,,US State Fiscal Policy and Natural Resources,,IV,,,,300,-0.186,0.031,1,0,0,Tax; Micro
AEJ: Economic Policy,2015,,,US State Fiscal Policy and Natural Resources,,IV,,,,431,-0.032,0.099,1,0,0,Tax; Micro
AEJ: Economic Policy,2015,,,US State Fiscal Policy and Natural Resources,,IV,,,,300,0.154,0.086,1,0,0,Tax; Micro
AEJ: Economic Policy,2015,,,US State Fiscal Policy and Natural Resources,,IV,,,,431,-0.033,0.045,1,0,0,Tax; Micro
AEJ: Economic Policy,2015,,,US State Fiscal Policy and Natural Resources,,IV,,,,300,0.021,0.044,1,0,0,Tax; Micro
AEJ: Economic Policy,2015,,,US State Fiscal Policy and Natural Resources,,IV,,,,431,0.756,0.084,1,0,0,Tax; Micro
AEJ: Economic Policy,2015,,,US State Fiscal Policy and Natural Resources,,IV,,,,300,0.76,0.075,1,0,0,Tax; Micro
AEJ: Economic Policy,2015,,,US State Fiscal Policy and Natural Resources,,IV,,,,9.88,-0.48,0.373,1,0,0,Tax; Micro
AEJ: Economic Policy,2015,,,US State Fiscal Policy and Natural Resources,,IV,,,,9.88,-0.834,0.614,1,0,0,Tax; Micro
AEJ: Economic Policy,2015,,,US State Fiscal Policy and Natural Resources,,IV,,,,9.88,-0.122,0.137,1,0,0,Tax; Micro
AEJ: Economic Policy,2015,,,US State Fiscal Policy and Natural Resources,,IV,,,,9.88,-0.181,0.083,1,0,0,Tax; Micro
AEJ: Economic Policy,2012,,,Does State Fiscal Relief During Recessions Increase Employment? Evidence from the American Recovery and Reinvestment Act,,IV,,,,260,4.72,1.31,4,1,4,Labor; Poverty
AEJ: Economic Policy,2012,,,Does State Fiscal Relief During Recessions Increase Employment? Evidence from the American Recovery and Reinvestment Act,,IV,,,,260,4.61,1.57,4,1,4,Labor; Poverty
AEJ: Economic Policy,2012,,,Does State Fiscal Relief During Recessions Increase Employment? Evidence from the American Recovery and Reinvestment Act,,IV,,,,260,2.83,1.01,4,1,4,Labor; Poverty
AEJ: Economic Policy,2012,,,Does State Fiscal Relief During Recessions Increase Employment? Evidence from the American Recovery and Reinvestment Act,,IV,,,,260,0.99,0.54,4,1,4,Labor; Poverty
AEJ: Economic Policy,2012,,,Does State Fiscal Relief During Recessions Increase Employment? Evidence from the American Recovery and Reinvestment Act,,IV,,,,260,1.19,0.37,4,1,4,Labor; Poverty
AEJ: Economic Policy,2012,,,Does State Fiscal Relief During Recessions Increase Employment? Evidence from the American Recovery and Reinvestment Act,,IV,,,,260,1.17,0.36,4,1,4,Labor; Poverty
AEJ: Economic Policy,2011,,,Immigration and the Neighborhood,,IV,,,,76.01,-0.323,0.136,2,1,0,Immigration; Sociology; Micro
AEJ: Economic Policy,2011,,,Immigration and the Neighborhood,,IV,,,,362.23,-0.211,0.05,2,1,0,Immigration; Sociology; Micro
AEJ: Economic Policy,2011,,,Immigration and the Neighborhood,,IV,,,,337.632,-0.214,0.054,2,1,0,Immigration; Sociology; Micro